TJ번호,제목(원어),제목(한국어),발매일 / 커버일,앨범커버,원곡가수,곡유형,링크,번역가사 링크
,R·I·O·T,,2018-12-12,https://bang-dream.com/wordpress/wp-content/uploads/2026/02/17181420/f4462d17-462ae293-9c65947d-c200b860.JPG.jpg,RAISE A SUILEN,오리지널,https://youtu.be/JYbew8XnCc8,https://namu.wiki/w/R%E3%83%BBI%E3%83%BBO%E3%83%BBT
,UNSTOPPABLE,,2018-12-12,https://bang-dream.com/wordpress/wp-content/uploads/2026/02/17181420/f4462d17-462ae293-9c65947d-c200b860.JPG.jpg,RAISE A SUILEN,오리지널,https://youtu.be/HTxkTejTs8E,https://namu.wiki/w/UNSTOPPABLE%28BanG%20Dream%21%29
,A DECLARATION OF ×××,,2019-02-20,https://en.bang-dream.com/wordpress/wp-content/uploads/ADECLARATIONONXXX.jpg,RAISE A SUILEN,오리지널,https://youtu.be/9iOltuunbvs,https://namu.wiki/w/A%20DECLARATION%20OF%20%C3%97%C3%97%C3%97
,EXPOSE ‘Burn out!!!’,,2019-02-20,https://en.bang-dream.com/wordpress/wp-content/uploads/ADECLARATIONONXXX.jpg,RAISE A SUILEN,오리지널,https://youtu.be/oXN2YFZH0ig,https://namu.wiki/w/EXPOSE%20%E2%80%98Burn%20out%21%21%21%E2%80%99
,Invincible Fighter,,2019-06-19,https://bang-dream.com/wordpress/wp-content/uploads/2026/02/17181510/13cbb393-9984a9a4-ba85b2ab-124a0453-638x630.jpg,RAISE A SUILEN,오리지널,https://youtu.be/m5z-mCUwmxM,https://namu.wiki/w/Invincible%20Fighter
,Takin’ my Heart,,2019-06-19,https://bang-dream.com/wordpress/wp-content/uploads/2026/02/17181510/13cbb393-9984a9a4-ba85b2ab-124a0453-638x630.jpg,RAISE A SUILEN,오리지널,https://youtu.be/ikck11yNDxg,https://namu.wiki/w/Takin%E2%80%99%20my%20Heart
,DRIVE US CRAZY,,2020-01-22,https://bang-dream.com/wordpress/wp-content/uploads/2026/02/17181633/df99ba6a-b79a1b15-b605ff90-4875d308.jpg,RAISE A SUILEN,오리지널,https://youtu.be/5gUl74wG2DE,https://namu.wiki/w/DRIVE%20US%20CRAZY
,HELL! or HELL?,,2020-01-22,https://bang-dream.com/wordpress/wp-content/uploads/2026/02/17181633/df99ba6a-b79a1b15-b605ff90-4875d308.jpg,RAISE A SUILEN,오리지널,https://youtu.be/xalGIIeyPLo,https://namu.wiki/w/HELL%21%20or%20HELL%3F
,!NVADE SHOW!,,2020-08-19,https://en.bang-dream.com/wordpress/wp-content/uploads/1st-Album%E3%80%8CERA%E3%80%8D.jpg,RAISE A SUILEN,오리지널,https://youtu.be/eLpe02tbeYU,https://namu.wiki/w/%21NVADE%20SHOW%21
,Beautiful Birthday,,2020-08-19,https://en.bang-dream.com/wordpress/wp-content/uploads/1st-Album%E3%80%8CERA%E3%80%8D.jpg,RAISE A SUILEN,오리지널,https://youtu.be/AxEUw6LdHR4,https://namu.wiki/w/Beautiful%20Birthday
,REIGNING,,2020-08-19,https://en.bang-dream.com/wordpress/wp-content/uploads/1st-Album%E3%80%8CERA%E3%80%8D.jpg,RAISE A SUILEN,오리지널,https://youtu.be/4i9vGzhaCg0,https://namu.wiki/w/REIGNING
,SOUL SOLDIER,,2020-08-19,https://en.bang-dream.com/wordpress/wp-content/uploads/1st-Album%E3%80%8CERA%E3%80%8D.jpg,RAISE A SUILEN,오리지널,https://youtu.be/vHZF9D4gAoQ,https://namu.wiki/w/SOUL%20SOLDIER
,Sacred world,,2020-10-21,https://en.bang-dream.com/wordpress/wp-content/uploads/Sacred-world.jpg,RAISE A SUILEN,오리지널,https://youtu.be/4b3deIpxkSk,https://namu.wiki/w/Sacred%20world
,JUST THE WAY I AM,,2021-01-27,https://en.bang-dream.com/wordpress/wp-content/uploads/mind-of-prominence.jpg,RAISE A SUILEN,오리지널,https://youtu.be/-0OIoHQv5qY,https://namu.wiki/w/JUST%20THE%20WAY%20I%20AM
,mind of Prominence,,2021-01-27,https://en.bang-dream.com/wordpress/wp-content/uploads/mind-of-prominence.jpg,RAISE A SUILEN,오리지널,https://youtu.be/CmEGhNuz_zs,https://namu.wiki/w/mind%20of%20Prominence
,EXIST,,2021-04-21,https://en.bang-dream.com/wordpress/wp-content/uploads/exist.jpg,RAISE A SUILEN,오리지널,https://youtu.be/Vo3lvsrP9mY,https://namu.wiki/w/EXIST%28BanG%20Dream%21%29
,Embrace of light,,2021-04-21,https://en.bang-dream.com/wordpress/wp-content/uploads/exist.jpg,RAISE A SUILEN,오리지널,https://youtu.be/7LN3sI8JE5E,https://namu.wiki/w/Embrace%20of%20light
,OUTSIDER RODEO,,2021-04-21,https://en.bang-dream.com/wordpress/wp-content/uploads/exist.jpg,RAISE A SUILEN,오리지널,https://youtu.be/gSVSgtA9ke4,https://namu.wiki/w/OUTSIDER%20RODEO
,Domination to world,,2021-09-29,https://en.bang-dream.com/wordpress/wp-content/uploads/20210811000126/aa288002-d977-425d-b583-2e2afc702edd.png,RAISE A SUILEN,오리지널,https://youtu.be/41K7ic6HN4E,https://namu.wiki/w/Domination%20to%20world
,灼熱 Bonfire!,작열 Bonfire!,2021-09-29,https://bang-dream.com/wordpress/wp-content/uploads/2026/02/17181943/370574aa-7a5c8469-9c81759d-70323986.png,RAISE A SUILEN,오리지널,https://youtu.be/Uh2MjQ9Q324,https://namu.wiki/w/%E7%81%BC%E7%86%B1%20Bonfire%21
,Repaint,,2022-02-26,https://en.bang-dream.com/wordpress/wp-content/uploads/20220621172923/repaint.png,RAISE A SUILEN,오리지널,https://youtu.be/0K2UT88UKH4,
,CORUSCATE -DNA-,,2022-04-27,https://en.bang-dream.com/wordpress/wp-content/uploads/20220324211130/dna.jpg,RAISE A SUILEN,오리지널,https://youtu.be/1NgjttSojKw,https://namu.wiki/w/CORUSCATE%20-DNA-
,Light a fire,,2022-04-27,https://en.bang-dream.com/wordpress/wp-content/uploads/20220324211130/dna.jpg,RAISE A SUILEN,오리지널,https://youtu.be/F-uclhMuhKc,https://namu.wiki/w/Light%20a%20fire
,DEAD HEAT BEAT,,2022-11-30,https://en.bang-dream.com/wordpress/wp-content/uploads/20231005004019/74a2b595-514e-4add-9fc1-43c406dee887.jpg,RAISE A SUILEN,오리지널,https://youtu.be/2gJfjLGCf9U,https://namu.wiki/w/DEAD%20HEAT%20BEAT
,THE WAY OF LIFE,,2022-11-30,https://en.bang-dream.com/wordpress/wp-content/uploads/20231005004019/74a2b595-514e-4add-9fc1-43c406dee887.jpg,RAISE A SUILEN,오리지널,https://youtu.be/9V7m4YJvFQ0,https://namu.wiki/w/THE%20WAY%20OF%20LIFE
,-N-E-M-E-S-I-S-,,2023-06-28,https://en.bang-dream.com/wordpress/wp-content/uploads/20231009104215/bed81aae-773e-42f9-8370-464fa183ccb4.jpg,RAISE A SUILEN,오리지널,https://youtu.be/caxxCfDdklI,https://namu.wiki/w/-N-E-M-E-S-I-S-
,DANCING DARING,,2023-09-04,https://en.bang-dream.com/wordpress/wp-content/uploads/20231009091403/05d5aca7-9446-408c-a559-f59189324659.jpg,RAISE A SUILEN,오리지널,https://youtu.be/_aGO6xBVako,https://namu.wiki/w/DANCING%20DARING
,Apocalypse,,2023-09-22,https://en.bang-dream.com/wordpress/wp-content/uploads/20231009085855/93bb4f51-0e08-4796-a03b-820c9755cfa4.png,RAISE A SUILEN,오리지널,https://youtu.be/-lgJ0vfCL7Q,https://namu.wiki/w/Apocalypse%28BanG%20Dream%21%29
,TWIN TALE,,2023-10-06,https://en.bang-dream.com/wordpress/wp-content/uploads/20231009085314/baef0263-1cb1-4177-88ae-cebecdb85b86-1.jpg,RAISE A SUILEN,오리지널,https://youtu.be/8GTpmZf0M94,https://namu.wiki/w/TWIN%20TALE
,BATTLE CRY,,2023-10-10,https://bestdori.com/assets/jp/musicjacket/musicjacket550_rip/assets-star-forassetbundle-startapp-musicjacket-musicjacket550-549_battlecry-jacket.png,RAISE A SUILEN,오리지널,https://youtu.be/pW01z1Q-MQY,https://namu.wiki/w/BATTLE%20CRY
,BERSER-KEY,,2023-11-01,https://bang-dream.com/wordpress/wp-content/uploads/2026/02/17183403/27130243-8e8918d3-bf739cfd-a75ea6a8-636x630.jpg,RAISE A SUILEN,오리지널,https://youtu.be/cmwOP8goDTw,https://namu.wiki/w/BERSER-KEY
,POLARIS,,2023-11-01,https://bang-dream.com/wordpress/wp-content/uploads/2026/02/17183403/27130243-8e8918d3-bf739cfd-a75ea6a8-636x630.jpg,RAISE A SUILEN,오리지널,https://youtu.be/M-6HMvPPnLM,https://namu.wiki/w/POLARIS
,STRAY CERBERUS,,2023-11-01,https://bang-dream.com/wordpress/wp-content/uploads/2026/02/17183403/27130243-8e8918d3-bf739cfd-a75ea6a8-636x630.jpg,RAISE A SUILEN,오리지널,https://youtu.be/e_5VjvDrHz8,
,Ray of hope,,2024-02-10,https://bestdori.com/assets/jp/musicjacket/musicjacket580_rip/assets-star-forassetbundle-startapp-musicjacket-musicjacket580-579_ray_of_hope-jacket.png,RAISE A SUILEN,오리지널,https://youtu.be/bjHImc6cTqE,https://namu.wiki/w/Ray%20of%20hope
,Life on the Lotus,,2024-04-20,https://bestdori.com/assets/jp/musicjacket/musicjacket610_rip/assets-star-forassetbundle-startapp-musicjacket-musicjacket610-602_life_on_the_lotus-jacket.png,RAISE A SUILEN,오리지널,https://youtu.be/zle_8SGQgcg,https://namu.wiki/w/Life%20on%20the%20Lotus
,V.I.P MONSTER,,2024-06-12,https://bang-dream.com/wordpress/wp-content/uploads/2026/02/17184225/d4d516c4-0d0af4f3-b7f43051-372e23a5.jpg,RAISE A SUILEN,오리지널,https://youtu.be/Y32uDkBNh_o,https://namu.wiki/w/V.I.P%20MONSTER
,Bad Kids All Bet,,2024-08-31,https://bestdori.com/assets/jp/musicjacket/musicjacket630_rip/assets-star-forassetbundle-startapp-musicjacket-musicjacket630-623_bad_kid_all_bet-jacket.png,RAISE A SUILEN,오리지널,https://youtu.be/mKt2u5a3-H8,https://namu.wiki/w/Bad%20Kids%20All%20Bet
,VIVID FIRST TIME,,2024-12-21,https://bestdori.com/assets/jp/musicjacket/musicjacket650_rip/assets-star-forassetbundle-startapp-musicjacket-musicjacket650-647_vivid_first_time-jacket.png,RAISE A SUILEN,오리지널,https://youtu.be/ckqNhklWz6I,https://namu.wiki/w/VIVID%20FIRST%20TIME
,WELCOME TO PANDEMONIUM,,2024-12-28,https://bestdori.com/assets/jp/musicjacket/musicjacket660_rip/assets-star-forassetbundle-startapp-musicjacket-musicjacket660-652_welcome_to_pandemonium-jacket.png,RAISE A SUILEN,오리지널,https://youtu.be/fzc1B0zd7pw,https://namu.wiki/w/WELCOME%20TO%20PANDEMONIUM
,HOWLING AMBITION,,2025-06-11,https://bang-dream.com/wordpress/wp-content/uploads/2026/02/17185016/d56a61ae-7994d955-bb34c3c1-44db814b.jpg,RAISE A SUILEN,오리지널,https://youtu.be/XYMoaMqyf6s,https://namu.wiki/w/HOWLING%20AMBITION
,FIVE as ONE,,2025-06-20,https://bestdori.com/assets/jp/musicjacket/musicjacket710_rip/assets-star-forassetbundle-startapp-musicjacket-musicjacket710-706_five_as_one-jacket.png,RAISE A SUILEN,오리지널,https://youtu.be/rRo4HYj654A,https://namu.wiki/w/FIVE%20as%20ONE
,'FIGHT' ADDICT,,2025-09-06,https://bestdori.com/assets/jp/musicjacket/musicjacket730_rip/assets-star-forassetbundle-startapp-musicjacket-musicjacket730-725_fight_addict-jacket.png,RAISE A SUILEN,오리지널,https://youtu.be/gHqSTnDDmJk,https://namu.wiki/w/%27FIGHT%27%20ADDICT
,BIBIBABI BRAVER,,2025-09-29,https://bestdori.com/assets/jp/musicjacket/musicjacket740_rip/assets-star-forassetbundle-startapp-musicjacket-musicjacket740-739_bibibabi-jacket.png,RAISE A SUILEN,오리지널,,
,Drown Out the Noise and Push Through the Trash,,2025-11-12,https://bang-dream.com/wordpress/wp-content/uploads/2026/02/17185850/1a34fe6f-4bb4c937-608d945a-829b7c41.png,RAISE A SUILEN,오리지널,https://youtu.be/EELGtL1U1vw,https://namu.wiki/w/Drown%20Out%20the%20Noise%20and%20Push%20Through%20the%20Trash
,RUNAWAY STAR,,2026-01-21,https://bestdori.com/assets/jp/musicjacket/musicjacket770_rip/assets-star-forassetbundle-startapp-musicjacket-musicjacket770-766_runaway_star-jacket.png,RAISE A SUILEN,오리지널,https://youtu.be/DkMyx_sLMlk,
,WHAT AN EXPLOSION,,2026-05-08,https://bestdori.com/assets/jp/musicjacket/musicjacket790_rip/assets-star-forassetbundle-startapp-musicjacket-musicjacket790-789_what_an_explosion-jacket.png,RAISE A SUILEN,오리지널,https://youtu.be/5AL7kBxbMI8,https://namu.wiki/w/WHAT%20AN%20EXPLOSION
